created_time,from,message,id,object_link.connections.comments.message
2019-03-14T19:44:29+0000,,"Receba nossas newsletters e fique bem informado todo dia, o dia todo: https://www.gazetadopovo.com.br/newsletter/?utm_campaign=gazeta-do-povo&utm_medium=midia-social&utm_source=facebook",10159181787214572_10159184058644572,null
2019-03-14T09:46:24+0000,,Muito triste ğŸ˜¢ğŸ˜¢ğŸ˜¢ğŸ˜¢ğŸ˜¢,10159181787214572_10159182946049572,null
2019-03-13T15:22:53+0000,,,10159181787214572_10159182012474572,null
2019-03-13T15:48:28+0000,,Mariana Trajano,10159181787214572_10159182071454572,null
2019-03-13T15:26:37+0000,,,10159181787214572_10159182021944572,null
2019-03-13T15:45:37+0000,,HorrÃ­vel o video gente e desesperador,10159181787214572_10159182065814572,null
2019-03-13T14:31:28+0000,,"Grande parte disso Ã© culpa da mÃ­dia que ficam repercutindo esse tipo de aÃ§Ã£o que sÃ³ acontecia nos Estados unidos. A mÃ­dia vive desse tipo de notÃ­cia, sem se preocupar em combatÃª-las. A Ãºnica coisa que importa Ã© quem chegou primeiro para mostrar a tragÃ©dia. Ã‰ sempre assim ""exclusivo"", ""fomos os primeiros"", ""tivemos acesso"" e por aÃ­ afora.",10159181787214572_10159181893334572,Jerson Mattos falou tudo.
2019-03-13T14:31:28+0000,,"Grande parte disso Ã© culpa da mÃ­dia que ficam repercutindo esse tipo de aÃ§Ã£o que sÃ³ acontecia nos Estados unidos. A mÃ­dia vive desse tipo de notÃ­cia, sem se preocupar em combatÃª-las. A Ãºnica coisa que importa Ã© quem chegou primeiro para mostrar a tragÃ©dia. Ã‰ sempre assim ""exclusivo"", ""fomos os primeiros"", ""tivemos acesso"" e por aÃ­ afora.",10159181787214572_10159181893334572,Exatamente.
2019-03-13T14:31:28+0000,,"Grande parte disso Ã© culpa da mÃ­dia que ficam repercutindo esse tipo de aÃ§Ã£o que sÃ³ acontecia nos Estados unidos. A mÃ­dia vive desse tipo de notÃ­cia, sem se preocupar em combatÃª-las. A Ãºnica coisa que importa Ã© quem chegou primeiro para mostrar a tragÃ©dia. Ã‰ sempre assim ""exclusivo"", ""fomos os primeiros"", ""tivemos acesso"" e por aÃ­ afora.",10159181787214572_10159181893334572,"Bernadete Ferreira De Miranda Siqueira concordo com vocÃª, penso que jornais sÃ£o escolas tudo que se mostra repetidas vezes as pessoas aprendem , e hoje em dia muitos aprendem pelo que Ã© mostrado na tv . Buscam novidades na arte de fazer maldade, um abraÃ§o para vocÃª ğŸ¤©ğŸ¤©ğŸ™ğŸ™"
2019-03-13T14:13:49+0000,,Jhon Ferreira,10159181787214572_10159181863754572,null
2019-03-13T14:38:40+0000,,Aninha Mazuquelli,10159181787214572_10159181909119572,"MEU Deus.
Que Deus tenha misericÃ³rdia ğŸ˜”"
2019-03-13T13:33:29+0000,,"Mais uma vez a lei do desarmamento mostrando ser ineficiente. Se tivesse um seguranÃ§a armado no colÃ©gio poderia ter evitado essa tragÃ©dia. 
""Somente um homem bom com uma arma Ã© capaz de parar um homem mau com uma arma""",10159181787214572_10159181790834572,RogÃ©rio Silva isso mesmo.
2019-03-13T13:33:29+0000,,"Mais uma vez a lei do desarmamento mostrando ser ineficiente. Se tivesse um seguranÃ§a armado no colÃ©gio poderia ter evitado essa tragÃ©dia. 
""Somente um homem bom com uma arma Ã© capaz de parar um homem mau com uma arma""",10159181787214572_10159181790834572,"Ou teria morrido junto.
NÃ£o dÃ¡ pra se trabalhar com hipÃ³tese!"
2019-03-13T13:33:29+0000,,"Mais uma vez a lei do desarmamento mostrando ser ineficiente. Se tivesse um seguranÃ§a armado no colÃ©gio poderia ter evitado essa tragÃ©dia. 
""Somente um homem bom com uma arma Ã© capaz de parar um homem mau com uma arma""",10159181787214572_10159181790834572,Melhor tentar a sorte com seguranÃ§a armado doque nÃ£o ter Ã© da mole pra vagabundo
2019-03-13T13:33:29+0000,,"Mais uma vez a lei do desarmamento mostrando ser ineficiente. Se tivesse um seguranÃ§a armado no colÃ©gio poderia ter evitado essa tragÃ©dia. 
""Somente um homem bom com uma arma Ã© capaz de parar um homem mau com uma arma""",10159181787214572_10159181790834572,"RogÃ©rio Silva sÃ³ se os professores estivessem armados, afinal Ã© uma escola e nÃ£o uma boate que precise de seguranÃ§as armados."
2019-03-13T13:33:29+0000,,"Mais uma vez a lei do desarmamento mostrando ser ineficiente. Se tivesse um seguranÃ§a armado no colÃ©gio poderia ter evitado essa tragÃ©dia. 
""Somente um homem bom com uma arma Ã© capaz de parar um homem mau com uma arma""",10159181787214572_10159181790834572,"Daqui a pouco o ""mito"" vai querer armar as crianÃ§as, sÃ³ falta essa!"
2019-03-13T13:33:29+0000,,"Mais uma vez a lei do desarmamento mostrando ser ineficiente. Se tivesse um seguranÃ§a armado no colÃ©gio poderia ter evitado essa tragÃ©dia. 
""Somente um homem bom com uma arma Ã© capaz de parar um homem mau com uma arma""",10159181787214572_10159181790834572,"quem sabota o desarmamento sÃ£o os prÃ³prios armamentistas. o vizinho do bozo prova isso.
quem vende arma pra bandido sÃ£o os supostos cidadÃ£os de bem"
2019-03-13T13:33:29+0000,,"Mais uma vez a lei do desarmamento mostrando ser ineficiente. Se tivesse um seguranÃ§a armado no colÃ©gio poderia ter evitado essa tragÃ©dia. 
""Somente um homem bom com uma arma Ã© capaz de parar um homem mau com uma arma""",10159181787214572_10159181790834572,RogÃ©rio Silva concordo.
2019-03-13T13:33:29+0000,,"Mais uma vez a lei do desarmamento mostrando ser ineficiente. Se tivesse um seguranÃ§a armado no colÃ©gio poderia ter evitado essa tragÃ©dia. 
""Somente um homem bom com uma arma Ã© capaz de parar um homem mau com uma arma""",10159181787214572_10159181790834572,JosÃ© Ricardo Seixas Fraga melhor mesmo Ã© ficar a mercÃª desses loucos q andam por aÃ­ n Ã©?
2019-03-13T13:33:29+0000,,"Mais uma vez a lei do desarmamento mostrando ser ineficiente. Se tivesse um seguranÃ§a armado no colÃ©gio poderia ter evitado essa tragÃ©dia. 
""Somente um homem bom com uma arma Ã© capaz de parar um homem mau com uma arma""",10159181787214572_10159181790834572,RogÃ©rio Silva colÃ©gio Ã© lugar de ter seguranÃ§a armado? Para de falar asneiras. E se o aluno levar uma arma escondida dentro da mochila de q adianta seguranÃ§a armado no portÃ£o? Cada besteira q se vÃª de quem defende q o povo esteja armado!
2019-03-13T13:33:29+0000,,"Mais uma vez a lei do desarmamento mostrando ser ineficiente. Se tivesse um seguranÃ§a armado no colÃ©gio poderia ter evitado essa tragÃ©dia. 
""Somente um homem bom com uma arma Ã© capaz de parar um homem mau com uma arma""",10159181787214572_10159181790834572,Se cada crianÃ§a tivesse uma arma certamente isso nÃ£o teria acontecido hurr durr
2019-03-13T13:33:29+0000,,"Mais uma vez a lei do desarmamento mostrando ser ineficiente. Se tivesse um seguranÃ§a armado no colÃ©gio poderia ter evitado essa tragÃ©dia. 
""Somente um homem bom com uma arma Ã© capaz de parar um homem mau com uma arma""",10159181787214572_10159181790834572,"RogÃ©rio eleito o comentÃ¡rio mais estÃºpido do dia, parabÃ©ns."
2019-03-13T13:33:29+0000,,"Mais uma vez a lei do desarmamento mostrando ser ineficiente. Se tivesse um seguranÃ§a armado no colÃ©gio poderia ter evitado essa tragÃ©dia. 
""Somente um homem bom com uma arma Ã© capaz de parar um homem mau com uma arma""",10159181787214572_10159181790834572,"Cristiano Martins, as crianÃ§as jÃ¡ andam armadas ha anos, se atualiza..."
2019-03-13T13:33:29+0000,,"Mais uma vez a lei do desarmamento mostrando ser ineficiente. Se tivesse um seguranÃ§a armado no colÃ©gio poderia ter evitado essa tragÃ©dia. 
""Somente um homem bom com uma arma Ã© capaz de parar um homem mau com uma arma""",10159181787214572_10159181790834572,"VocÃªs jÃ¡ viram que os lugares onde mais se ocorre ataques sÃ£o locais que nÃ£o Ã© permitido o porte e a posse de arma? Pq atÃ© um louco sabe que Ã© mais fÃ¡cil abater uma presa desarmanda do que uma presa armada. 
"" Escola nÃ£o Ã© lugar de seguranÃ§a armado"" e o que os marginais estavam fazendo armados na escola? Pqp! 
""E se o seguranÃ§a armado surta"" vai tomar no seu orifÃ­cio anal, quando aquele psicopata colocou fogo na creche ele estava armado? Pqp de novo!"
2019-03-13T13:33:29+0000,,"Mais uma vez a lei do desarmamento mostrando ser ineficiente. Se tivesse um seguranÃ§a armado no colÃ©gio poderia ter evitado essa tragÃ©dia. 
""Somente um homem bom com uma arma Ã© capaz de parar um homem mau com uma arma""",10159181787214572_10159181790834572,"Se tem 2 escolas uma ao lado da outra, em uma escola os professores sÃ£o todos armamentistas todos trabalham armados, na escola ao lado, Ã© uma escola onde todos trabalham com a camiseta com a pomba branca escrito sou da paz, sÃ£o todos desarmamentistas. 
Agora eu lhe faÃ§o uma pergunta, qual escola o psicopata louco vai escolher invadir para atirar nos alunos? A escola onde tem pessoas armadas e ele irÃ¡ encontrar uma resistÃªncia e provavelmente serÃ¡ morto, ou a escola onde nÃ£o tem ninguÃ©m armado e ele irÃ¡ fazer quantas vÃ­timas quiser pois nÃ£o encontrar uma resistÃªncia Ã  altura? 
Fica aqui meu questionamento e minha dÃºvida."
2019-03-13T13:33:29+0000,,"Mais uma vez a lei do desarmamento mostrando ser ineficiente. Se tivesse um seguranÃ§a armado no colÃ©gio poderia ter evitado essa tragÃ©dia. 
""Somente um homem bom com uma arma Ã© capaz de parar um homem mau com uma arma""",10159181787214572_10159181790834572,"ColÃ©gio mal paga professor
Quem dirÃ¡ seguranÃ§a armado"
2019-03-13T13:33:29+0000,,"Mais uma vez a lei do desarmamento mostrando ser ineficiente. Se tivesse um seguranÃ§a armado no colÃ©gio poderia ter evitado essa tragÃ©dia. 
""Somente um homem bom com uma arma Ã© capaz de parar um homem mau com uma arma""",10159181787214572_10159181790834572,Rogerio Silva concordo com vocÃª.
2019-03-13T13:33:29+0000,,"Mais uma vez a lei do desarmamento mostrando ser ineficiente. Se tivesse um seguranÃ§a armado no colÃ©gio poderia ter evitado essa tragÃ©dia. 
""Somente um homem bom com uma arma Ã© capaz de parar um homem mau com uma arma""",10159181787214572_10159181790834572,"RogÃ©rio Silva o governo â€œmalemarâ€ quer pagar a merenda das crianÃ§as imagine um seguranÃ§a armado, se liga !!"
2019-03-13T13:33:29+0000,,"Mais uma vez a lei do desarmamento mostrando ser ineficiente. Se tivesse um seguranÃ§a armado no colÃ©gio poderia ter evitado essa tragÃ©dia. 
""Somente um homem bom com uma arma Ã© capaz de parar um homem mau com uma arma""",10159181787214572_10159181790834572,"RogÃ©rio Silva vc nem viu as informaÃ§Ãµes.. Foram alunos.. Foram adolescentes, com mochilas de estudante.. Nem se tivesse um sniper na escola nÃ£o iria adivinhar meu caro"
2019-03-13T13:33:29+0000,,"Mais uma vez a lei do desarmamento mostrando ser ineficiente. Se tivesse um seguranÃ§a armado no colÃ©gio poderia ter evitado essa tragÃ©dia. 
""Somente um homem bom com uma arma Ã© capaz de parar um homem mau com uma arma""",10159181787214572_10159181790834572,RogÃ©rio Silva concordo com vocÃª.
2019-03-13T13:33:29+0000,,"Mais uma vez a lei do desarmamento mostrando ser ineficiente. Se tivesse um seguranÃ§a armado no colÃ©gio poderia ter evitado essa tragÃ©dia. 
""Somente um homem bom com uma arma Ã© capaz de parar um homem mau com uma arma""",10159181787214572_10159181790834572,"Pq as pessoas tem plano de saÃºde? 
Ã‰ pq elas sabem que o estado Ã© ineficiente e nÃ£o consegue atender a demanda do SUS. 
O mesmo acontece com a nossa seguranÃ§a, se sabemos que o estado nÃ£o dÃ¡ conta de nos proteger pq nÃ³s mesmo nÃ£o podemos fazer isso tendo o direto ao porte de arma?"
2019-03-13T13:33:29+0000,,"Mais uma vez a lei do desarmamento mostrando ser ineficiente. Se tivesse um seguranÃ§a armado no colÃ©gio poderia ter evitado essa tragÃ©dia. 
""Somente um homem bom com uma arma Ã© capaz de parar um homem mau com uma arma""",10159181787214572_10159181790834572,"Ok CÃ©lio, mas com uma resistÃªncia armada o atirador nÃ£o iria ter feito o tanto de vÃ­timas que fez, a final nÃ£o tinha ninguÃ©m com uma arma para bater de frente com ele."
2019-03-13T13:33:29+0000,,"Mais uma vez a lei do desarmamento mostrando ser ineficiente. Se tivesse um seguranÃ§a armado no colÃ©gio poderia ter evitado essa tragÃ©dia. 
""Somente um homem bom com uma arma Ã© capaz de parar um homem mau com uma arma""",10159181787214572_10159181790834572,O estatuto do desarmamento nÃ£o proÃ­be que escolas tenham seguranÃ§a armada.
2019-03-13T13:33:29+0000,,"Mais uma vez a lei do desarmamento mostrando ser ineficiente. Se tivesse um seguranÃ§a armado no colÃ©gio poderia ter evitado essa tragÃ©dia. 
""Somente um homem bom com uma arma Ã© capaz de parar um homem mau com uma arma""",10159181787214572_10159181790834572,RogÃ©rio Silva se tivesse um seguranÃ§a armado nÃ£o poderia atirar e talvez o massacre seria ainda maior...enquanto nÃ£o mudarem as leis e equipar com armas pesadas os policiais que sÃ£o treinados para isso e desarmar os bandidos e investir em educaÃ§Ã£o e cultura das crianÃ§as e adolescentes nunca vai mudar a situaÃ§Ã£o do paÃ­s. Concordo com muitas armas mas para policiais...nÃ£o para quem nÃ£o Ã© treinado e nÃ£o tem psicolÃ³gico para isso.
2019-03-13T14:50:05+0000,,pcc,10159181787214572_10159181941029572,null
2019-03-13T14:35:50+0000,,FÃ¡tima Alvarez,10159181787214572_10159181902374572,null
2019-03-13T14:35:01+0000,,Que paÃ­s Ã© esse?,10159181787214572_10159181900209572,null
2019-03-13T14:17:20+0000,,A maior prova que o perigo nÃ£o Ã© o cidadÃ£o de bem armado e sim a facilidade que alguÃ©m mau intencionado consegue uma arma em qualquer biqueira,10159181787214572_10159181871314572,null
2019-03-13T14:43:59+0000,,Bolsominions vÃ£o sugerir armar professor com fuzil. Pelo menos agora podem ir no condoMinion comprar.,10159181787214572_10159181926854572,null
2019-03-13T14:54:12+0000,,"Atirador? Igual aqueles que praticam o esporte de tiro? Posso associar, entÃ£o, esses meliantes com os praticantes de esportes, como sendo os mesmos?",10159181787214572_10159181950924572,null
2019-03-13T15:41:54+0000,,E opresso que tÃ£o pagando por incentivar matanÃ§a fora bostanaros,10159181787214572_10159182057444572,null
2019-03-13T14:53:46+0000,,atirar em crianÃ§a e fÃ¡cil tem que fazer o mesmo com estes covardes aÃ§o neles,10159181787214572_10159181949789572,null
2019-03-13T14:49:28+0000,,"Lendo certos comentÃ¡rios a respeito da liberaÃ§Ã£o das armas, pergunto:
Se uma dessas crianÃ§as fuziladas e mortas fosse filho de alguÃ©m de vcs, o que fariam? Receberiam os assassinos com flores?ğŸ˜ ğŸ˜ ",10159181787214572_10159181939609572,null
2019-03-14T08:27:32+0000,,"InaceitÃ¡vel, lamentÃ¡vel !!!!!!!
Que.o Senhor abenÃ§oe os famÃ­liares dos dois lados e que esses assassinos tenham o que merecem e sejam julgados pela justiÃ§a do Senhor, que nÃ£o falha jamais",10159181787214572_10159182851039572,null
2019-03-13T13:50:11+0000,,tava demorando. comeÃ§ou a doenÃ§a dos americanos. que tragÃ©dia aonde vamos parar,10159181787214572_10159181815309572,null
2019-03-13T15:48:32+0000,,Enquanto o exÃ©rcito nao tomar conta do paÃ­s vai ser assim e cada vez pior ! Nao adianta alterar leis a bandidagem vai ser cada vez mais enquanto nao tiver educaÃ§Ã£o pÃºblica !,10159181787214572_10159182071524572,null
2019-03-13T15:44:09+0000,,â€œDois assassinos semente do malâ€ ...,10159181787214572_10159182062244572,null
2019-03-13T13:58:54+0000,,Armas nas mÃ£o de cidadÃ£o de bem sÃ³ serve para fazer merda como essa.,10159181787214572_10159181831289572,null
2019-03-13T14:32:05+0000,,"ğŸ‘‰ğŸ‘‰ E nenhum professor tinha um liquidificador para evitar a tragÃ©dia ? 

ğŸ‘‰ğŸ‘‰ Ã‰ sÃ³ fazer arminha com as mÃ£os, talkey ?",10159181787214572_10159181894574572,null
2019-03-13T14:24:27+0000,,Ricardo Abraham,10159181787214572_10159181882129572,null
2019-03-13T14:47:29+0000,,PRESIDENTE BOLSONARO ESTÃ MAIS DO QUE CORRETO QUANDO QUER COLOCAR MILITARES NOS COLÃ‰GIOS PÃšBLICOS.,10159181787214572_10159181935029572,Vatomano c
2019-03-13T13:58:20+0000,,Mirian BittencourtğŸ˜­,10159181787214572_10159181830399572,null
2019-03-13T15:11:59+0000,,"Atirador????Cade o cr deles???Pelo jeito era bandido e nÃ£o atirador, pois atirador Ã© licenciado.",10159181787214572_10159181990119572,null
2019-03-13T14:55:52+0000,,,10159181787214572_10159181954259572,null
2019-03-13T15:28:04+0000,,Olha tem que ter policiamento na porta na entrada meu Deus que triste ver crianÃ§as perdendo a vida assim,10159181787214572_10159182024479572,null
2019-03-13T13:53:25+0000,,Brasileiro imitando americano atÃ© nas merdas....,10159181787214572_10159181820809572,null
2019-03-13T14:52:38+0000,,Vamos ver se irÃ£o investigar isso igual ao caso mariely,10159181787214572_10159181947384572,null
2019-03-13T14:24:33+0000,,ğŸ˜­ Mds onde vamos parar com tanta violÃªncia,10159181787214572_10159181882174572,null
2019-03-13T14:05:08+0000,,Nossa....o que esta acontecendo este ano? Uma tragÃ©dia atrÃ¡s da outra. SÃ³ Deus mesmo,10159181787214572_10159181846429572,null
2019-03-13T15:09:48+0000,,Pelo amor de Deus...chega de misturar polÃ­tica com tragÃ©dia e ficar tentando ferir esquerda ou direita com a lÃ­ngua...a hora e de solidariedade e oraÃ§Ã£o pelas vÃ­timas e familiares.,10159181787214572_10159181985534572,Sirlene Ferreira mas tudo Ã© consequÃªncia do governo atual.
2019-03-13T14:53:22+0000,,"Achei estranho a galera da resistÃªncia nÃ£o ir lÃ¡ para os meliantes com flores, livros, pombo da paz e manifestaÃ§Ãµes; se nÃ£o aparecesse alguÃ©m armado, esses 2 nÃ£o teriam parado, e ainda tem esquerdista querendo o fim da polÃ­cia e outros mais ignorantes querendo que nÃ£o tenham arma de fogo durante expediente de trabalho.

Se repetindo aquela vez em que entrou um armado com 2 38 numa escola, isso a esquerda nÃ£o fala, pois foi no governo deles.
ParabÃ©ns a PM e meus pÃªsames aos familiares das crianÃ§as e diretora",10159181787214572_10159181949024572,null
2019-03-13T13:52:43+0000,,Lindiomar Salviano Paula Santos,10159181787214572_10159181819809572,null
2019-03-13T15:13:25+0000,,AndrÃ©a Brasil,10159181787214572_10159181992824572,null
2019-03-13T14:15:33+0000,,,10159181787214572_10159181867814572,null
2019-03-13T15:26:52+0000,,"TragÃ©dias como essa nos chocam, pois as escolas deveriam ser locais tÃ£o seguros para as crianÃ§as quanto os seus prÃ³prios lares. NÃ£o sabemos ainda a motivaÃ§Ã£o do ataque, sÃ³ sabemos que ninguÃ©m merecia isso. 

Quando paramos para fazer um paralelo sobre as diversas motivaÃ§Ãµes que levam jovens a cometer tais atos, hÃ¡ muito sobre o que conversar. Uma pesquisa realizada pelo psiquiatra norte americano Timothy Brewerton apontou que dos 66 ataques em escolas que ocorreram no perÃ­odo de 1966 a 2011, 87% dos atiradores sofriam bullying e foram motivados por desejo de vinganÃ§a. 

A educaÃ§Ã£o de nosso paÃ­s estÃ¡ doente em vÃ¡rios aspectos. Precisamos discutir!",10159181787214572_10159182022364572,null
2019-03-13T14:22:33+0000,,"Triste ,o mundo precisa de oraÃ§Ã£o",10159181787214572_10159181879304572,null
2019-03-13T15:27:10+0000,,"Se esta notÃ­cia fosse no jornal nacional,com certeza eles jÃ¡ teriam achado uma forma de ligar o crime a Bolsonaro.",10159181787214572_10159182022949572,null
2019-03-13T15:36:59+0000,,Ã‰ q ao invÃ©s de colocarem os guardas municipais para proteger as escolas preferem deixÃ¡-los nas ruas para ficarem multando os carros e assim arrecadarem mais grana para o DETRAN.ğŸ˜ ğŸ˜“,10159181787214572_10159182043664572,null
2019-03-13T13:51:46+0000,,"""Morreram pelo menos cinco crianÃ§as mortas e a diretora da escola. "" ""Os atiradores, que seriam adolescentes, tambÃ©m estÃ£o mortos.""",10159181787214572_10159181817074572,"""A escola oferece ensino fundamental e mÃ©dio e um centro de estudos de lÃ­ngua."""
2019-03-13T14:15:43+0000,,MiseRicOCorDia Deus!,10159181787214572_10159181867954572,null
2019-03-13T15:07:12+0000,,Se houvessem seguranÃ§as armados nÃ£o teria acontecido a tragÃ©dia.,10159181787214572_10159181978799572,null
2019-03-13T15:23:32+0000,,Jesus misericordia de nÃ³s,10159181787214572_10159182013379572,null
2019-03-13T13:52:18+0000,,"e nÃ£o foi com um liquidificador.
esse Ã© o Brasil que vcs escolheram nas urnas",10159181787214572_10159181818969572,Retardado.
2019-03-13T13:52:18+0000,,"e nÃ£o foi com um liquidificador.
esse Ã© o Brasil que vcs escolheram nas urnas",10159181787214572_10159181818969572,"Vou enfiar o liquidificador no cu da tua mÃ£e, fdp de merda !"
2019-03-13T13:52:18+0000,,"e nÃ£o foi com um liquidificador.
esse Ã© o Brasil que vcs escolheram nas urnas",10159181787214572_10159181818969572,"enquanto isso a milÃ­cia do bozo continua vendendo arma pra bandido.
pra depois fomentar o mercado legal de armas... baita negÃ³cio ehn"
2019-03-13T13:52:18+0000,,"e nÃ£o foi com um liquidificador.
esse Ã© o Brasil que vcs escolheram nas urnas",10159181787214572_10159181818969572,"pra vcs que nÃ£o tinham um ladrÃ£o d estimaÃ§Ã£o e agora tem uma quadrilha fornecedora do crime e um laranjal nÃ­tido.
que fase em bolsonetes.
vcs se tornaram os petistas da direita.
kkkkk que fase"
2019-03-13T13:52:18+0000,,"e nÃ£o foi com um liquidificador.
esse Ã© o Brasil que vcs escolheram nas urnas",10159181787214572_10159181818969572,"Ã‰ q antes n tinha assaltos, ninguÃ©m era morto e nem tinha armas nas ruas n Ã© mesmo? Tudo isso comeÃ§ou depois q o Bolsonaro assumiu a presidÃªncia. Aff"
2019-03-13T13:52:18+0000,,"e nÃ£o foi com um liquidificador.
esse Ã© o Brasil que vcs escolheram nas urnas",10159181787214572_10159181818969572,"quem sabotou o desarmamento sempre foi os armamentistas, a milÃ­cia, os financiados pela indÃºstria armamentista.
entÃ£o, sim... Grande parte da violÃªncia brasileira se deve Ã  esse grupinho milico da extrema direita sim.
o qual o bozo encabeÃ§a a corja no momento"
2019-03-13T13:52:18+0000,,"e nÃ£o foi com um liquidificador.
esse Ã© o Brasil que vcs escolheram nas urnas",10159181787214572_10159181818969572,o miliciano vizinho e amigo do bozo prova bem isso com seu arsenal
2019-03-13T13:52:18+0000,,"e nÃ£o foi com um liquidificador.
esse Ã© o Brasil que vcs escolheram nas urnas",10159181787214572_10159181818969572,Alexandre Ferreira nos poupe do seu comentario idiota.Va orar pelas familias ao invez de de rir da desgraÃ§a dos outros.
2019-03-13T13:52:18+0000,,"e nÃ£o foi com um liquidificador.
esse Ã© o Brasil que vcs escolheram nas urnas",10159181787214572_10159181818969572,Oque tem uma coisa a ver com a outra?
2019-03-13T13:52:18+0000,,"e nÃ£o foi com um liquidificador.
esse Ã© o Brasil que vcs escolheram nas urnas",10159181787214572_10159181818969572,"deixa eu te explicar... miliciano vendendo arma pra bandido, armamentistas financiados pela indÃºstria armamentista, polÃ­ticos financiados pela indÃºstria de armas, aumento de armas ilegais fomenta o mercado legal. propaganda prÃ³ armamentistas em todas redes sociais com foco em jovens. jovens cada vez mais armamentistas. etc.
quer que desenhe as ligaÃ§Ãµes"
2019-03-13T13:52:18+0000,,"e nÃ£o foi com um liquidificador.
esse Ã© o Brasil que vcs escolheram nas urnas",10159181787214572_10159181818969572,Alexandre Ferreira e o caso da creche de Minas Gerais? Ã‘ sabe o que falar fica queto
2019-03-13T13:52:18+0000,,"e nÃ£o foi com um liquidificador.
esse Ã© o Brasil que vcs escolheram nas urnas",10159181787214572_10159181818969572,TÃ¡ passando vergonha em Alexandre Ferreira uma coisa tem nada a ver com a outra
2019-03-13T13:52:18+0000,,"e nÃ£o foi com um liquidificador.
esse Ã© o Brasil que vcs escolheram nas urnas",10159181787214572_10159181818969572,para mentes pequenas tudo Ã© mera coincidÃªncia nÃ©
2019-03-13T13:52:18+0000,,"e nÃ£o foi com um liquidificador.
esse Ã© o Brasil que vcs escolheram nas urnas",10159181787214572_10159181818969572,pra ser de fÃ¡cil compreensÃ£o ğŸ‘‰ Ã© um DÃ‰BIL MENTAL
2019-03-13T13:52:18+0000,,"e nÃ£o foi com um liquidificador.
esse Ã© o Brasil que vcs escolheram nas urnas",10159181787214572_10159181818969572,"vergonha sÃ£o vcs bolsonetes, petistas da direita defensores de quadrilha.
vcs envergonham o restante da direita como eu"
2019-03-13T13:52:18+0000,,"e nÃ£o foi com um liquidificador.
esse Ã© o Brasil que vcs escolheram nas urnas",10159181787214572_10159181818969572,"Teu cu tem inveja da tua boca, de tanta merda que sai dela."
2019-03-13T13:52:18+0000,,"e nÃ£o foi com um liquidificador.
esse Ã© o Brasil que vcs escolheram nas urnas",10159181787214572_10159181818969572,tÃ£o fazendo atÃ© petista fake hoje? ixi... ta pior que eu imaginava... tÃ£o enfiando na cabeÃ§a deles que SÃ£o de direita.. ou vc tem problema com direita e esquerda?
2019-03-13T13:52:18+0000,,"e nÃ£o foi com um liquidificador.
esse Ã© o Brasil que vcs escolheram nas urnas",10159181787214572_10159181818969572,"FanÃ¡tico louco! Ã‰ assim que acontecem essas situaÃ§Ãµes, gente revoltada sem diÃ¡logo e fanatismo. Pra mim vc soa tÃ£o insano quanto!"
2019-03-13T13:52:18+0000,,"e nÃ£o foi com um liquidificador.
esse Ã© o Brasil que vcs escolheram nas urnas",10159181787214572_10159181818969572,"Alexandre Ferreira vc Ã© extremamente otario, vai arrumar o que fazer, vagabundo."
2019-03-13T13:52:18+0000,,"e nÃ£o foi com um liquidificador.
esse Ã© o Brasil que vcs escolheram nas urnas",10159181787214572_10159181818969572,"Alexandre Ferreira desculpa senhor ""mente aberta"", mas tomou seu remÃ©dio hoje??"
2019-03-13T13:52:18+0000,,"e nÃ£o foi com um liquidificador.
esse Ã© o Brasil que vcs escolheram nas urnas",10159181787214572_10159181818969572,"Oque houve mente grande, perdeu o bolsa famÃ­lia? Para de ser hipÃ³crita, querer culpar o governo que estÃ¡ a poucos dias instalado com essa tragÃ©dia. VocÃª deve ter a mente muito criativa mesmo pra inventar na sua cabecinha todas essas asneiras."
2019-03-13T13:52:18+0000,,"e nÃ£o foi com um liquidificador.
esse Ã© o Brasil que vcs escolheram nas urnas",10159181787214572_10159181818969572,Esse Alexandre Ferreira tem o Cu no lugar da boca sÃ³ pod
2019-03-13T13:52:18+0000,,"e nÃ£o foi com um liquidificador.
esse Ã© o Brasil que vcs escolheram nas urnas",10159181787214572_10159181818969572,NÃ£o Ã© a primeira vez que acontece esse tipo de tragÃ©dia. O que mais tem por aÃ­ sÃ£o armas sem registro nas mÃ£os de bandidos e agora tudo Ã© culpa do Presidente? Precisa de mais seguranÃ§a nas escolas.
2019-03-13T13:52:18+0000,,"e nÃ£o foi com um liquidificador.
esse Ã© o Brasil que vcs escolheram nas urnas",10159181787214572_10159181818969572,Esse esquerdista nÃ£o passa de um IDIOTA e cala a boca otÃ¡rio!
2019-03-13T13:52:18+0000,,"e nÃ£o foi com um liquidificador.
esse Ã© o Brasil que vcs escolheram nas urnas",10159181787214572_10159181818969572,Tiago Holland isto mesmo
2019-03-13T13:52:18+0000,,"e nÃ£o foi com um liquidificador.
esse Ã© o Brasil que vcs escolheram nas urnas",10159181787214572_10159181818969572,Alexandre Ferreira como vocÃª pode discutir politica com uma trajedia destas??? Mom DieuğŸ˜ª
2019-03-13T13:52:18+0000,,"e nÃ£o foi com um liquidificador.
esse Ã© o Brasil que vcs escolheram nas urnas",10159181787214572_10159181818969572,Alexandre Ferreira nÃ£o tem nada de bom para falar cala a boca. O que isso tem haver com o presidente Sta ignorÃ¢ncia. AFF e por isso que estÃ¡ desse jeito cada qual sÃ³ acho que o governo e culpado e nÃ£o assume suas culpas e responsabilidade sobre Deus Filhos e sua vida.
2019-03-13T13:52:18+0000,,"e nÃ£o foi com um liquidificador.
esse Ã© o Brasil que vcs escolheram nas urnas",10159181787214572_10159181818969572,"Alexandre Ferreira tu Ã© um abestado, vai procurar tua turma. LadrÃ£o e quadrilha vc sabe quem Ã©."
2019-03-13T14:02:51+0000,,,10159181787214572_10159181837609572,null
2019-03-13T14:03:56+0000,,"Deveria ter seguranÃ§as nas escolas,para proteger alunos , professores e funcionÃ¡rios ğŸ˜ªğŸ™ğŸ™",10159181787214572_10159181842804572,"sim, seguranÃ§as armados."
2019-03-13T14:03:56+0000,,"Deveria ter seguranÃ§as nas escolas,para proteger alunos , professores e funcionÃ¡rios ğŸ˜ªğŸ™ğŸ™",10159181787214572_10159181842804572,Renato Ducas
2019-03-13T14:13:57+0000,,MisericÃ³rdia,10159181787214572_10159181864054572,null
2019-03-13T15:06:47+0000,,,10159181787214572_10159181978109572,null
2019-03-13T14:29:23+0000,,"Por mais educaÃ§Ã£o, amor Ã  PÃ¡tria e a Deus!",10159181787214572_10159181890094572,Fer Mella vai lÃ¡ cantar o hino.
2019-03-13T14:29:23+0000,,"Por mais educaÃ§Ã£o, amor Ã  PÃ¡tria e a Deus!",10159181787214572_10159181890094572,Jorge Uesu Junior sua ironia sÃ³ demonstra seu carÃ¡ter!
2019-03-13T14:29:23+0000,,"Por mais educaÃ§Ã£o, amor Ã  PÃ¡tria e a Deus!",10159181787214572_10159181890094572,Jorge Uesu Junior sua ironia sÃ³ demonstra seu carÃ¡ter!
2019-03-13T14:10:01+0000,,Senhor!!!,10159181787214572_10159181856024572,null
2019-03-13T14:03:18+0000,,Atirador ou Ã© esportivo ou de elite. O nome que se dÃ¡ pra quem faz isso Ã© BANDIDO!,10159181787214572_10159181838669572,Rodrigo F. de Almeida tipo os amigos do seu presidente?
2019-03-13T14:03:18+0000,,Atirador ou Ã© esportivo ou de elite. O nome que se dÃ¡ pra quem faz isso Ã© BANDIDO!,10159181787214572_10159181838669572,"Exatamente. Atiradores de elite e esportivos como os amigos do nosso Presidente.

#Bolsonaro2022"
2019-03-13T13:39:53+0000,,Ã‰ assassino.,10159181787214572_10159181801039572,null
2019-03-13T13:38:41+0000,,"Minha cidade, que tragÃ©dia",10159181787214572_10159181799749572,null
2019-03-13T13:55:38+0000,,,10159181787214572_10159181823784572,null
2019-03-13T13:46:04+0000,,Olha isso Danilo Tanferri que judiaÃ§Ã£o,10159181787214572_10159181810674572,null
2019-03-13T13:49:03+0000,,"SÃ£o 8 mortos
Passando agora
Atiradores morto tb",10159181787214572_10159181814329572,null
2019-03-13T13:57:00+0000,,Que tristeza meu deus!,10159181787214572_10159181827489572,null
2019-03-13T13:47:24+0000,,Ã“ mundo tÃ¡ perdido,10159181787214572_10159181812239572,null
2019-03-13T14:06:19+0000,,Ataque terrorista! Triste+,10159181787214572_10159181848479572,null
2019-03-13T14:01:54+0000,,,10159181787214572_10159181836014572,null
2019-03-13T15:33:47+0000,,comeÃ§o a ver vantagens em ter aula em casa...Meu Deus!,10159181787214572_10159182037794572,null
2019-03-13T14:29:11+0000,,NÃ£o Ã© um paÃ­s que deixaram para.ser arrumado...entenda que tudo estava por debaixo dos panos...,10159181787214572_10159181889769572,null
2019-03-13T14:20:25+0000,,Meu Deus ! Estamos nos fins dos tempos ...,10159181787214572_10159181876139572,null
2019-03-13T13:47:44+0000,,Qtas tragÃ©dias em SÃ£o Paulo!!Vamos rezar por tdos de lÃ¡!!ğŸ˜¢,10159181787214572_10159181812554572,null
2019-03-13T14:07:59+0000,,ğŸ‘‰ğŸ‘‰ğŸ‘‰Conhecereis a verdade e a verdade vos liberta-rÃ¡ lembra da campanha das arminhas.,10159181787214572_10159181850889572,"Walter Juim Luciano serio que vc ta falando disso depois dessa tragÃ©dia?
vocÃª Ã© um maldito escroto mesmo"
2019-03-13T14:07:59+0000,,ğŸ‘‰ğŸ‘‰ğŸ‘‰Conhecereis a verdade e a verdade vos liberta-rÃ¡ lembra da campanha das arminhas.,10159181787214572_10159181850889572,Washington Andrade da Silva Escroto quem fez campanha com arminha.ğŸ‘‰ğŸ‘‰ğŸ‘‰ğŸ‘‰
2019-03-13T14:07:59+0000,,ğŸ‘‰ğŸ‘‰ğŸ‘‰Conhecereis a verdade e a verdade vos liberta-rÃ¡ lembra da campanha das arminhas.,10159181787214572_10159181850889572,Sim tem tudo haver a situaÃ§Ã£o ...
2019-03-13T14:07:59+0000,,ğŸ‘‰ğŸ‘‰ğŸ‘‰Conhecereis a verdade e a verdade vos liberta-rÃ¡ lembra da campanha das arminhas.,10159181787214572_10159181850889572,Walter Juim Luciano ta passando vergonha
2019-03-13T14:07:59+0000,,ğŸ‘‰ğŸ‘‰ğŸ‘‰Conhecereis a verdade e a verdade vos liberta-rÃ¡ lembra da campanha das arminhas.,10159181787214572_10159181850889572,Walter Juim Luciano vocÃª vai querer passar essa vergonha no dÃ©bito ou no crÃ©dito?
2019-03-13T14:07:59+0000,,ğŸ‘‰ğŸ‘‰ğŸ‘‰Conhecereis a verdade e a verdade vos liberta-rÃ¡ lembra da campanha das arminhas.,10159181787214572_10159181850889572,Nossa que velho vagabundo. Demente
2019-03-13T14:07:59+0000,,ğŸ‘‰ğŸ‘‰ğŸ‘‰Conhecereis a verdade e a verdade vos liberta-rÃ¡ lembra da campanha das arminhas.,10159181787214572_10159181850889572,Ã‰ cada comentÃ¡rio sem noÃ§Ã£o. Infelizmente nÃ£o Ã© a primeira vez que acontece esse tipo de tragÃ©dia no Brasil e o que mais tem por aÃ­ Ã© arma sem registro.
2019-03-13T14:07:59+0000,,ğŸ‘‰ğŸ‘‰ğŸ‘‰Conhecereis a verdade e a verdade vos liberta-rÃ¡ lembra da campanha das arminhas.,10159181787214572_10159181850889572,Walter Juim Luciano falou pouco e sÃ³ falou bobagem.
2019-03-13T13:57:03+0000,,Meu Deus Que tristeza forÃ§a para estes paisğŸ˜¢ğŸ˜¢,10159181787214572_10159181827704572,null
2019-03-13T14:00:06+0000,,misericordia meu Deus,10159181787214572_10159181832884572,null
2019-03-13T13:43:04+0000,,Qta tragedia chuvas agora isso,10159181787214572_10159181806084572,null
2019-03-13T13:39:58+0000,,Meu Deus ğŸ™ğŸ»ğŸ˜¢,10159181787214572_10159181801144572,null
2019-03-13T13:35:25+0000,,Lucas Camargo olha que merda,10159181787214572_10159181794454572,null
2019-03-13T14:36:46+0000,,"Governo precisa colocar os soldados na rua ,chega de tanta violÃªncia...",10159181787214572_10159181906034572,null
2019-03-13T13:36:17+0000,,A diretora da escola morreu,10159181787214572_10159181796229572,null
2019-03-13T14:59:45+0000,,Como se louco e bandido precisasse de lei para segurar seu dedo no gatilho...ğŸ˜‰,10159181787214572_10159181963349572,null
2019-03-13T14:01:26+0000,,"Meu Deus ! que tristeza , meus sentimentos a essas famÃ­lias que perderam seus filhinhos num ambiente onde jamais deveria ter violÃªncia. ğŸ˜ªğŸ˜ªğŸ˜ªğŸ˜ªğŸ˜ª",10159181787214572_10159181835274572,null
2019-03-13T13:33:58+0000,,Senhor olhai para nosso povo quantas tristezas,10159181787214572_10159181791534572,null