created_time,message,id,object_link
2019-03-14T14:31:47+0000,Lembrem-se que o estatuto do desarmamento est√° em pleno VIGOR! Tamb√©m n√£o evitou as quase 65000 mortes.,378810646005734_378823769337755,
2019-03-14T14:08:47+0000,REALENGO 7 DE ABRIL DE 2011 . LEMBRANDO QUE O BRASIL ERA GOVERNADO PELO PT. ü§£,378810646005734_378814189338713,
2019-03-14T14:43:01+0000,"""Segue abaixo as coincid√™ncias 

2003 - Jair defende milicias
2007 - Fl√°vio quer legalizar milicias
2011- A ju√≠za Patricia Acioli √© assassinada por milicianos, Fl√°vio a difama.
2015 - De 70 deputados da ALERJ, Fl√°vio √© o √∫nico a votar contra CPI q investigara policiais.
2018 - J√° em campanha, Jair defende milicias (de novo)
2018- Fl√°vio faz campanha com fam√≠lia ligada ao jogo do bicho (muitos bicheiros viraram milicianos)
2018- Marielle √© assassinada (sil√™ncio dos Bolsonaros)
2018 - Dois PM's s√£o presos, acusados de serem milicianos, os dois s√£o irm√£os da tesoureira e assessora do PSL 
2018 - Dois candidatos do partido do Bolsonaro quebram uma placa de homenagem a Marielle e Fl√°vio os defende.
2018 - descobrem q uma mil√≠cia de S√£o Gon√ßalo teria atuado em favor de um dos candidatos de Jair Bolsonaro √† ALERJ, o coronel Fernando Salema (PSL)
2019 - COAF revela que Fabr√≠cio, ex-assessor de Fl√°vio, fez movimenta√ß√£o at√≠pica de R$ 1,233 milh√£o entre 2016 e janeiro de 2017. O ex PM j√° cometeu pelo menos 10 homic√≠d...",378810646005734_378828806003918,
2019-03-14T14:42:53+0000,"""Segue abaixo as coincid√™ncias 

2003 - Jair defende milicias
2007 - Fl√°vio quer legalizar milicias
2011- A ju√≠za Patricia Acioli √© assassinada por milicianos, Fl√°vio a difama.
2015 - De 70 deputados da ALERJ, Fl√°vio √© o √∫nico a votar contra CPI q investigara policiais.
2018 - J√° em campanha, Jair defende milicias (de novo)
2018- Fl√°vio faz campanha com fam√≠lia ligada ao jogo do bicho (muitos bicheiros viraram milicianos)
2018- Marielle √© assassinada (sil√™ncio dos Bolsonaros)
2018 - Dois PM's s√£o presos, acusados de serem milicianos, os dois s√£o irm√£os da tesoureira e assessora do PSL 
2018 - Dois candidatos do partido do Bolsonaro quebram uma placa de homenagem a Marielle e Fl√°vio os defende.
2018 - descobrem q uma mil√≠cia de S√£o Gon√ßalo teria atuado em favor de um dos candidatos de Jair Bolsonaro √† ALERJ, o coronel Fernando Salema (PSL)
2019 - COAF revela que Fabr√≠cio, ex-assessor de Fl√°vio, fez movimenta√ß√£o at√≠pica de R$ 1,233 milh√£o entre 2016 e janeiro de 2017. O ex PM j√° cometeu pelo menos 10 homic√≠d...",378810646005734_378828746003924,
2019-03-14T14:06:06+0000,O que aconteceu em Suzano n√£o foi culpa do governo meu povo,378810646005734_378812729338859,
2019-03-14T14:15:40+0000,FANT√ÅSTICO ESSE COMENTARIO......,378810646005734_378817826005016,
2019-03-14T14:04:58+0000,Precisamos aprender a votar pessoal.,378810646005734_378812212672244,
2019-03-14T14:57:44+0000,O grande problema √© a ideologia como diz Carlos Matos... voc√™ acaba fechando os olhos para coisas pelo simples fato de n√£o ser de seu interesse. No caso o Pl√≠nio n√£o ter visto a reportagem sobre os casos comissionados.,378810646005734_378834076003391,
2019-03-14T14:52:07+0000,Shalom ao Carlos Matos Ded√© do Shalom do mundubim,378810646005734_378832122670253,
2019-03-14T14:05:38+0000,"Realengo 7 de Abril de 2011, 13 mortos, bandido. Ex-aluno do col√©gio armado com um 38 e um 32 e muni√ß√£o....s√≥ relembrando porque tem gente de mem√≥ria fracaüòâ",378810646005734_378812529338879,
2019-03-14T14:50:59+0000,"Bom dia,pergunta ao Pl√≠nio se a preocupa√ß√£o dele claro que a de todos,com a resolu√ß√£o de quem mandou matar essa vereadora e a mesma em rela√ß√£o de quem mandou matar o bolssonaro e a pior de todas,desvendar o autor de quem colocou na cabe√ßa daquele doido que se proclamou presidente do Brasil,o Pl√≠nio tamb√©m vai se preocupar?",378810646005734_378831699336962,
2019-03-14T14:06:28+0000,"Com certeza a tragedia seria outra , talvez muito maior se professores portassem armas, o momento n√£o √© para se fazer pol√≠tica , ou culpar esse ou aquele , o momento pede que nos portemos com respeito √†s fam√≠lias que perderam seus entes queridos , e viol√™ncia n√£o se acaba com mais viol√™ncia , o mundo todo est√° repleto de hist√≥rias tristes como esta.sejemos ent√£o menos egoista e nos aproximemos mais do ser humano e racional que existe em todos n√≥s . Pol√≠ticos s√£o feitos para o bem do povo e do pa√≠s , se n√£o h√° respeito e concord√¢ncia m√∫tua para um bem maior , nenhum lado se faz correto , nem esquerda e nem direita .",378810646005734_378812942672171,
2019-03-14T14:58:46+0000,Cargos comissionados *,378810646005734_378834402670025,
2019-03-14T14:37:44+0000,E dinheiro vai pra onde por Queiroz,378810646005734_378825986004200,
2019-03-14T14:12:27+0000,"O estatuto do desarmamento est√° em pleno vigor, entretanto, n√£o evitou a trag√©dia!",378810646005734_378816069338525,
2019-03-14T14:06:31+0000,Isso n√£o tem nada vem em aprender a votar,378810646005734_378812962672169,
2019-03-14T14:31:10+0000,As maiorias dos jovens n√£o querem nada da vida t√° no car√°ter de cada um,378810646005734_378823499337782,
2019-03-14T14:14:18+0000,Ou arma todos ou desarmam todos...por que o estatuto do desarmamento √© bem parcial nao √© mesmo.,378810646005734_378817176005081,
2019-03-14T14:09:18+0000,N√ÉO adianta falar em trag√©dia e n√£o fazer nada pela educa√ß√£o,378810646005734_378814522672013,
2019-03-14T14:12:44+0000,Falhou a fam√≠lia,378810646005734_378816272671838,
2019-03-14T14:18:00+0000,"Esse neg√≥cio de flexibiliza√ß√£o das armas √© de uma insanidade bem t√≠pica do Presidente Jair Bolsona que pregou em toda campanha e ainda continua a pregar o uso do grito, a forma com forma de resolu√ß√£o as rela√ß√µes do cotidiano. arma foi feito para matar e pronto, n√£o tem outra utilidade.",378810646005734_378818966004902,
2019-03-14T14:25:53+0000,"Estado de Direito imp√µe monop√≥lio do uso da for√ßa ao Estado para promover seguran√ßa e justi√ßa.....arma do crist√£o √© o evangelho, do cidad√£o a Constitui√ß√£o e do bandido a viol√™ncia. 
Menos Armas, menos letalidade.",378810646005734_378821716004627,
2019-03-14T14:09:23+0000,"Que vergonha! O rapaz tinha 17 anos e o que faltou foi educa√ß√£o dentro da fam√≠lia e escola. 16 anos de patria educadora deu nisso.
O Brasil precisa urgente de um novo rumo. C√£es antidrogas, psic√≥logos, esportes, e cursos obrigat√≥rio para as fam√≠lias de : educa√ß√£o, sa√∫de, como tratar com adolescentes, o per√≠go da Internet, como cuidar do emocional dos filhos. Aqui na It√°lia funciona muito bem.",378810646005734_378814576005341,
2019-03-14T14:12:57+0000,Armas s√£o sempre perigosas e letais independente das maos que utilizam e com que finalidade,378810646005734_378816366005162,
2019-03-14T14:36:07+0000,Jogos educativos?? Meu Deus ......,378810646005734_378825412670924,
2019-03-14T14:07:17+0000,Bom dia!,378810646005734_378813366005462,
2019-03-14T14:06:34+0000,Bom dia !,378810646005734_378812982672167,
2019-03-14T14:20:27+0000,Eu pessoalmente Sou Contra o uso de armas √†s armas S√≥ tr√°s mais Viol√™ncia!,378810646005734_378820012671464,
2019-03-14T14:15:42+0000,"Armas √© pra quem sabe usar "" curso "" leigo √© pra usar livros n√£o armas "" acorda Brasil "" que presidente √© esse ???",378810646005734_378817839338348,
2019-03-14T14:52:06+0000,A cultura do √≥dio que foi deciminada nas elei√ß√µes j√° est√° em pr√°tica,378810646005734_378832109336921,
2019-03-14T15:09:23+0000,Se s√£o as armas que fazem tanto mal ent√£o porque ligam pra pol√≠cia quando te fazem algum mal? Voc√™ sabe que eles v√™m armados!,378810646005734_378838766002922,
2019-03-14T14:56:07+0000,Quem mandou matar o bolssonaro?,378810646005734_378833529336779,
2019-03-14T14:57:31+0000,"Parab√©ns ao Carlos Matos, realmente essa guerra entre esquerda e direita da nojo.",378810646005734_378834019336730,
2019-03-14T14:17:10+0000,Ot√°rio. Viol√™ncia encentivou o PT e encentiva at√© hoje. √â trlste ver isso. √â claro que tu √© PT.,378810646005734_378818539338278,
2019-03-14T15:04:19+0000,"O Rio √© o lugar mais seguro do mundo, s√≥ a mariele morreu em um ano...

#nojodessamidiahipocrita",378810646005734_378836712669794,
2019-03-14T14:06:19+0000,"E vamos as manchetes

Trag√©dia de Suzano Bolsonaro √© possivelmente o culpado 

Persiguicao e morte carro abalroado Bolsonaro tem l√° sua parcela de culpa

Opss foi mal a rede esgoto j√° tinha falado isso!!",378810646005734_378812852672180,